,mod
1,IRON
2,Aquaris
3,UMI_SUPER
4,SUPER
5,Apollo
6,HT20Pro
7,P9000
8,Valencia2_Y100pro
9,STARADDICT
10,CUBOT_MANITO
11,GT-I9060
12,Aquaris
13,Aquaris
14,Hisense
15,CINK
16,UMI
17,SHV-E310L
18,Aquaris
19,Lenovo
20,K6000
21,GS53-6
22,Elephone
23,Aquaris
24,InnJoo_Pro2
25,GT-I9060I
26,thl
27,Hisense
28,GT-I8190
29,FREDDY
30,ASUS_T00J
31,GT-I8262
32,Xtouch
33,STARNAUTE3
34,Power
35,Neffos
36,TBOOK
37,SM-P900
38,CUBOT
39,Wooze_I5
40,791
41,Shoot_1
42,KIICAA
43,Vodacom
44,Elephone
45,Vodafone
46,K6000
47,D2403
48,KC-S701
49,Aquaris_A4.5
50,RX4DC
51,Sphone
52,thor
53,Primo
54,ZP999
55,CUBOT
56,Quantum
57,Inspiron
58,K4000
59,ASUS_T00F
60,LAIQ
61,ZP951
62,Smart
63,omni_oneplus3
64,InnJoo
65,LESPH5002B
66,VFD
67,Metal
68,B1-810
69,AEG
70,Positivo
71,thl
72,Be_Pure
73,FALCON
74,TECNO-C9
75,Paris
76,LAIQ
77,Fun
78,M4
79,ZP953
80,itel
81,Calypso
82,AOSP
83,K9
84,Moto
85,LG-H422
86,XT1078
87,GT-I9192
88,MS45S
89,Tablet_DL_3420
90,Lenovo
91,ASUS_Z00XS
92,HT17Pro
93,LG-M320
94,PAM412
95,Nexus
96,HT37Pro
97,Coolpad
98,CUBOT
99,SGH-I337M
100,ALEXIS
101,Camfone
102,E-Boda
103,DEFI
104,XT1801
105,CUBOT
106,FP2
107,BV8000Pro
108,CINK
109,Amosta3G5
110,Kindle
111,Ultra
112,TECNO
113,Full
114,P9000_Lite
115,Admire_Dragon
116,BL7000
117,Max3_Pro_LTE
118,Q8S55IN4G2
119,SM-G355H
120,Micromax
121,Xlife-480q
122,SM-G900R7
123,Admire
124,ASUS_Z008D
125,R40H
126,itel-it1520
127,Andromax
128,MOON
129,K9
130,MyPhone
131,E
132,ILIUM
133,AX820
134,TM800A612RG
135,Ilium
136,Fractal
137,MS40S
138,Infinit_X_CAM
139,Excite
140,Le
141,RCT6873W42
142,HTC
143,A41
144,POLYTRON_R2403
145,RCT6513W87
146,Gorgeo
147,JUMBO
148,MACHONE
149,HP
150,Hisense
151,ES712
152,Impress_Eagle
153,Micromax
154,FS506
155,ST01
156,F555
157,QMobile
158,L-EMENT
159,GT-I9060C
160,ECHO_HOLI
161,Aura_TELPAD_TM7_tablet
162,vivo
163,GT-S7580
164,D7061
165,Micromax
166,intel7QC
167,TZ720
168,AX680+
169,VS425PP
170,Polaroid
171,PICOphone
172,RCT6K03W13
173,Ilium
174,QMobile
175,SVEGLIO_H1
176,K88
177,ADMIRE_UNITY
178,NIU
179,S5E_NXT
180,QMobile
181,Admire
182,PGN605
183,RCT6973W43MD
184,RCT6303W87M7
185,K90U
186,ASUS_T00G
187,Omega-X
188,SHV-E210K
189,LTE3
190,S5E
191,Flare_J3_Lite
192,PSP5552DUO
193,LIMIT
194,QMobile
195,Positivo
196,Konnect_Star
197,Duopix
198,Cloud
199,Infinix
200,itel
201,S455
202,Andromax
203,AT7J+
204,TB5400
205,K9
206,Infinix
207,Tab
208,Coolpad
209,Archos
210,Twist
211,SH-06E
212,R5C
213,London
214,RCT6203W46
215,N818S
216,TECNO-Y2
217,BOLT
218,REVVLPLUS
219,Andromax
220,QMobile
221,XT1080
222,D
223,S50G
224,QMobile
225,itel
226,V85
227,GO984
228,T5524
229,SH-01F
230,LG-M150
231,Hisense
232,GO400
233,OCEAN
234,M7SQC_Plus
235,RCT6773W42B
236,Ilium
237,U673C
238,B8409
239,AM509
240,NYX_SHADE
241,ZTE
242,Z839
243,SM-T2558
244,ST288
245,Andromax
246,Ambition
247,QMobile
248,EVERCOSS
249,Fun
250,Archos
251,QMobile
252,M4
253,GT-I9515
254,Azumi_IRO_A5_Q
255,TEAM
256,Trio
257,V110
258,ThL
259,JOIN
260,B8407
261,lephone_W7_plus
262,4G
263,Seoul
264,AM508
265,Andromax
266,itel
267,Z25Plus
268,TGW-706
269,F-02G
270,Ixion
271,Orange_A1
272,PLAY
273,InFocus
274,Matrix
275,QMobile
276,EKO_Star_G55
277,S4D
278,SHV-E210S
279,iCherry_C227
280,P8_eMagic
281,Ilium
282,V100
283,Hudl
284,FT
285,IF9031
286,Brisk
287,1070TPC
288,GT-I9152
289,GFIVE_President_Smart_A98
290,QMobile
291,HM
292,CUBOT_X18_Plus
293,Omega_HD_4
294,Cynus_F10
295,GT-I9060M
296,ASIADROID_AF92
297,Aqua_Q7N_Pro
298,3G
299,Elite
300,TECNO-C8
301,A75A*
302,i5K
303,ZTE
304,T1-D
305,Mint
306,itel
307,Icon
308,Andi_5Q_Gold_4G
309,itel
310,TGW801G
311,MITO
312,ADVAN
313,T1GPlus
314,Andromax
315,A66A*
316,TM-MID792TB
317,EVERCOSS_A74C
318,i4D
319,Xperia
320,Viking
321,AM402
322,MAXTRON_V13
323,VirtualBox
324,Tablet_DL_2811
325,SATURN
326,MS55
327,Flare_S4
328,P5526A
329,JMobile
330,KIICAA
331,LibitiumTablet9DualCore
332,iCherry
333,TECNO-J8
334,U55
335,itel
336,INTEX
337,V504730
338,myA8
339,J4B
340,Andromax
341,POLYTRON
342,POLYTRON
343,TFX-708G
344,Axioo
345,AX7OO
346,P7318
347,SNB02-NV7A
348,AERIAL
349,ILIUM
350,Andromax
351,ZTE
352,S4035_4G
353,i1s
354,Flare
355,Cloud_4G_Smart
356,Avvio_793
357,SPH-L710
358,Micromax
359,ITELL
360,myA7
361,LGL15G
362,QMobile_W35
363,ERGO
364,RCT6873W42M
365,ILIUM
366,GO504
367,EVT10Q
368,SM-A9000
369,SHV-E160S
370,Android
371,ADVAN
372,ZTE
373,AX821
374,Omega_lite_2
375,iris702
376,LAVA_R1s
377,AXD21
378,P3
379,INTEX
380,NBTY07SMKG
381,V50DC
382,Andromax
383,PURE_III
384,QMobile
385,BG2-U01
386,MID1013
387,X330
388,Astra
389,PSP5511DUO
390,DNS
391,U50C
392,karbonn
393,9024W
394,BJ16
395,AVVIO
396,S13C
397,cube
398,Snap
399,itel
400,SCH-I759
401,Z932L
402,Woxter
403,FS408
404,Centric
405,Bp
406,PICOphone_M4P_M3
407,MTECH
408,K9
409,FS407
410,itel_it1503
411,S4T
412,SC-04E
413,Orange-Rise31
414,POLYTRON_R2406
415,RX298
416,Orange
417,ETENO
418,Coolpad
419,Wisdom
420,DRP29101
421,A74E*
422,era
423,AURII_VIVID
424,GT-I9060L
425,Glory
426,S4F
427,LS-4004
428,LG-X155
429,itel
430,ARENA
431,831C
432,BQru-4072
433,QMobile_X14
434,EGO_Surf_i
435,O+
436,GI-419
437,TECNO_W4
438,NABI2-NV7A
439,iris
440,DEFI
441,TM1318
442,SAMSUNG-SGH-I547
443,TECNO
444,itel
445,HEAT4
446,SHV-E250S
447,VSP250g
448,Primo
449,Spice
450,myA10
451,LG-P655H
452,JazzX
453,PTB7PAP_PTB7PAB_PTB7PAR
454,MS3B
455,Kylin_5.0S
456,Impress_Energy
457,Orange-Rise51
458,mTAB7-M765D
459,Ilium
460,Andi5U_Platino
461,Wave3.5
462,FTU18A00
463,47418
464,PMT3257_3G
465,FREEDOM
466,IQ4601
467,Micromax
468,PKT-301
469,Flare_J2_Lite
470,itel_it1502
471,K9
472,NID-1002
473,F-01F
474,4013X
475,Champ
476,AX681
477,POLYTRON
478,RCT6773W22BM
479,PMT3787_3G
480,Android
481,PGN527
482,PSP3470DUO
483,QTASUN2
484,V503630
485,7070X
486,CINK
487,PICOphone_M4U_M2_M
488,Xavy_L8
489,A74E
490,Elite
491,HM2014818
492,Blade
493,MyPhone
494,INTEX
495,ADMIRE_SENSE_DUO
496,QMV7B
497,TRENDY
498,Flare
499,GHIA47418N
500,Flare_S6_Lite
501,RHYTHM
502,TECNO
503,KF4Go
504,FS520
505,TRIO
506,V120
507,FB100
508,MyPhone
509,INTEX
510,Blade
511,TECNO
512,VR
513,SM-G920P
514,TECNO
515,BQru-5035
516,3G
517,B9502
518,P88
519,JazzX
520,PSP3423DUO
521,NS-P16AT08
522,STARNAUTE4
523,AURA_LITE
524,Tablet
525,ZH&K
526,Smartfren
527,BEAT
528,GM
529,itel
530,L-ITE
531,T72HM3G
532,Hisense
533,AURII_DREAM_One
534,VFD
535,Astro_Phablet_9
536,FS454
537,AT7F
538,Myria_Wide_2
539,SM-A500H
540,XT1028
541,E1C_3G
542,K9
543,Nomi
544,S503630
545,SP531
546,X-TIGI_JOY7_MAX
547,Impress_Saturn
548,IFoo_T55
549,Flare_Lite_3S
550,Rex
551,FORZA
552,S471
553,QTab
554,PMT3308_3G
555,Knight
556,AX1045
557,2014817
558,QMobile
559,C15150m
560,IrisPad7040
561,O+
562,Turbo
563,ONIX
564,Q490
565,F-01H
566,ST1009
567,Optima_Prime_3_3G_TS7131MG
568,MITO
569,I471
570,A1
571,LP_EVORA
572,V6
573,LOGIC
574,CM2221
575,NX16A8116KP
576,FLYCAT
577,PGN517
578,Impress_Luck
579,SM-J327R6
580,YUBI_PLUS
581,AX920
582,AM518
583,Orange-Dive72
584,NEXT_P
585,MTN-L860
586,POLYTRON
587,L1F
588,10DTB42
589,SM-A800I
590,Masstel
591,Ilium
592,Hisense
593,QMobile
594,Go
595,Zebra
596,HM2014817
597,Venus_V3_5010
598,Neffos
599,UP_Groove
600,Swipe_Elite_3
601,iris65
602,Hisense
603,ZTE
604,IF9035
605,Panasonic
606,KODAK_SMARTWAY_M1
607,MITO
608,TZ874
609,RCT6303W87DK
610,INTEX
611,DL8006
612,Infinit_Lite_2
613,MS60
614,Neffos
615,MyPhone
616,BQS-4707
617,MOBO
618,Pluri_Q8
619,ADMIRE_CURVE_NEO
620,BMM_533D
621,Twister5.0
622,RHYTHM
623,SM-N910T
624,ELUGA
625,Archos
626,H551
627,TECNO-W3
628,MITO
629,ORIGINS
630,S504730
631,EROS
632,Roar_V78
633,F5_Color_M5
634,S7D
635,PMT3157_3G
636,M-701
637,HTC
638,verykoolSL4050
639,NX16A10132S
640,Block
641,Thrill
642,HT700S
643,FLARE
644,Positivo
645,Flare_P1_Mini
646,L224Plus
647,S12
648,AM1010V
649,itel
650,LOOK
651,F80
652,V502940
653,Azumi_IRO_A5_QL
654,Thrill
655,P4526A
656,La
657,M_bot_tab_71
658,Ilium
659,Andromax
660,S455120
661,TECNO
662,BP
663,5145A
664,D2502
665,SK1_Plus
666,MTN-S730
667,Aqua_Slice_II
668,AX1020
669,Ulefone
670,INTEX
671,M50
672,FashionEye
673,Cosmos_V6
674,Go
675,Wink_City_S
676,AntarcticE
677,VOTO
678,YPADP702
679,Shock
680,B9401
681,B8416
682,M4CR
683,Astra
684,Flare_P1_Lite
685,FTJ162E
686,DOOGEE
687,Symtab50
688,X-TIGI_V3+
689,Polymer
690,FS553
691,HIT
692,ALUMINI
693,IKALL
694,Mtech
695,M72
696,AÂ²
697,Andromax
698,Karbonn
699,Hisense
700,Cosmos
701,Infinix-X600
702,Impress_Noda
703,LT4501
704,LT500
705,MY805
706,FS514
707,Impress
708,Polar
709,itel
710,Ilium
711,PSPC550
712,Panoramic
713,Cloud
714,NUU_A3
715,Pacific
716,V5010
717,K9
718,Teapot
719,TECNO
720,TM-4510
721,QTAQZ3
722,iCherry
723,Swift
724,Orange-Rise52
725,A504
726,4055J
727,B9501
728,EGQ373
729,Prime
730,QMobile
731,PSP5515DUO
732,L-EMENT_403
733,MoovaShuffle
734,VIVID_PREMIUM
735,itel
736,S8
737,LS-5506
738,Ilium
739,PSPCL20A0
740,I7D
741,D3
742,A502_Aurum
743,ZP330
744,IvoryS4G
745,iBall
746,R50A
747,WALTON
748,IS2S
749,TECNO-C7
750,INFINIX
751,TG-L800S
752,Tele2_Mini
753,D6
754,SHV-E300S
755,Titanium_3D-Plex_Lite
756,iCherry
757,GiONEE
758,SMART_Race2_4G
759,Emerald_M55CRD
760,P5006A
761,MS45S_A6_Senior
762,WAVE
763,K9
764,P65
765,MyPhoneMY27
766,AX1035
767,Tele2
768,roarV95
769,B3
770,QMobile
771,E7114HG
772,Ares
773,SH-01H
774,Primo
775,LS-5005
776,Blaupunkt
777,Defi_Phantom
778,POLYTRON-R2457
779,FS526
780,Tele2_Midi_LTE
781,S7
782,Konnect_601
783,KING
784,ST7701
785,AX1016
786,W5012
787,Polymer
788,S6S5IN3G
789,InFocus
790,i4U
791,DINGDING-SK7
792,Hisense
793,lephone_W15
794,Tele2_Mini_1_1
795,Haier
796,Ixion
797,Comio
798,Astra
799,Hisense
800,POLYTRON
801,Snap_4G2
802,XM100
803,C8
804,Infinix
805,Aura
806,BQru-4526
807,PGN521
808,AMA_A703
809,RCT6873W42M_F7
810,BLADE
811,716
812,Admire
813,BQS-5070
814,M8411
815,Fuego
816,Tablet_DL_3722
817,Flare
818,FS527
819,itel
820,S7
821,Karbonn
822,Venus_V3_5040_2GB
823,PC-25
824,Ilium
825,Wide
826,GI528
827,i100
828,MS50M
829,SKY
830,Neffos
831,MITO
832,UP
833,Avvio
834,iCherry_X1
835,GO503
836,myPhone_CUBE_LTE
837,BQru-4028
838,TECNO-N9S
839,AX823
840,Axioo
841,B29
842,MIDM-706
843,SMART_4G_Speedy_4inch
844,SKY
845,V451720
846,Blade
847,G
848,itel
849,AX1065
850,ExciteC
851,Primo
852,Benefit_M505
853,Spice
854,Hisense
855,PGN523
856,VOX4+
857,Flare_J1
858,MAXTRON
859,BQru-5022
860,TECNO
861,B5
862,Astra
863,Primo
864,MS50_4G
865,itel
866,R40A
867,ZTE
868,Flare_J2_DTV
869,MS453
870,ILIUM
871,U50B
872,thl
873,INTENSE
874,FS-M787
875,Hisense
876,Plane
877,DL7006
878,PGN612
879,X6
880,LG-V930
881,Chronos
882,IF9001
883,itel
884,Karbonn
885,V1_Nano
886,moto
887,QMobile
888,CogentPlus
889,ST9119
890,Atlantic4G
891,AURII_DELIGHT
892,HL810G
893,Allure
894,ET7183GQ-H16
895,Archos
896,FS458
897,BQS-5065
898,H70-G
899,AX1065E
900,Pinguino
901,F688
902,Ursus
903,POLYTRON_4G551
904,Smartfren
905,AF06
906,itel
907,itel
908,Orange
909,miniS8+
910,TECNO
911,FS529
912,V46
913,P8_Life
914,S9
915,MX7_QuadCore
916,Cobalt_SM_5
917,Fero_Iris
918,QMobile
919,MS60F
920,Bluesky
921,INOI_2_LITE
922,FlareS5LiteDTV
923,EVOLTA
924,TS-M706E
925,S505024
926,Just5
927,ASUS_Z00A
928,P5026A
929,Energy
930,Primo
931,Oracle2
932,GM
933,PO11140TAQ-10213GMK2
934,E435
935,Cool
936,Evo550
937,SKY
938,Sun_S5501
939,ZTE
940,PHQ525
941,EGQ182
942,itel-it1512
943,AT8B
944,IK-785
945,AKUS
946,X60L
947,602KC
948,Beyond
949,lephone_W11
950,Impress
951,Bolt
952,TM800A620M
953,Zun
954,MyPhone
955,KJ-YUBI
956,PRA507
957,562
958,Neffos
959,MITO_A19_1GB
960,IceSEC
961,CUBOT
962,Starmobile
963,Avvio_L630
964,Arya
965,M370i
966,Fancy
967,NX16A10132SPS
968,MTN-S620
969,LP_VEYRON
970,K-LITE_NEXT_M1
971,Blade
972,GO
973,Venus_R10
974,Lenovo
975,M52_Red_Note
976,Ice
977,Micromax
978,Bluboo
979,iris880
980,Axioo_AX4
981,X-TIGI_V18
982,SGH-M919
983,Cloud
984,ODYSSEY
985,POLYMER
986,Swift
987,roar
988,TABLET_PC
989,Neo_A100
990,Google
991,FLARE
992,Spice
993,BQS-5515
994,itel
995,AT8L
996,itel
997,V75m
998,Hisense
999,BBC100-1
1000,C6802
1001,HL5667
1002,HT0702W08
1003,Hisense
1004,Eclipse_G400M
1005,SP455
1006,SMART
1007,Aura
1008,Orange_Rise_33
1009,J7
1010,VS4011
1011,MyPhone
1012,Le_Hello
1013,C226
1014,HWY360
1015,LG-Q710AL
1016,Andi_5.5H_Weber_4G
1017,MID-1087
1018,Flare_HD_MAX
1019,Innos_D6000
1020,K50n
1021,TECNO-W5
1022,NS5502
1023,Z6
1024,QUIQ
1025,Admire
1026,Class
1027,Wooze_L
1028,SuperTabS7G
1029,LG-D724
1030,TANGO
1031,INTEX
1032,Aqua
1033,Micromax
1034,A400
1035,LGLS740
1036,EARTH70
1037,SM-G9600
1038,SM-G925S
1039,XT1635-01
1040,MX790
1041,UNIVRS
1042,ACCENT
1043,CUBOT_NOTE_S
1044,HL5446
1045,Micromax
1046,ALDO
1047,PGN515
1048,X4UPlus
1049,INOI_2
1050,Philips
1051,i-mobile
1052,Elite_5_5_Octa
1053,Impress_Glory
1054,Archos
1055,LGL18VC
1056,moto_nba1
1057,TMK715L
1058,R505
1059,Hisense
1060,Andromax
1061,Hisense
1062,Aqua_Sense_5_1
1063,Blade
1064,HAFURY
1065,B75A
1066,Inovacel_S24
1067,V455120
1068,M-PPxG515
1069,Superion
1070,X418
1071,Ixion
1072,B9505
1073,4Good
1074,CHRONOS
1075,SSB-500
1076,QMobile
1077,PQ520M
1078,thl
1079,KYV35
1080,AURII_DREAM_MINI
1081,itel
1082,M7
1083,Ilium
1084,TECNO
1085,LAVA_R1
1086,MB7102
1087,P5025A
1088,Ultra
1089,V5064M
1090,iris
1091,O41
1092,Evolio_S5
1093,ZA509
1094,Elite
1095,Googol1
1096,K90
1097,ADMIRE_CURVE+
1098,itel
1099,Plane_7546S_3G_PS7158PG
1100,ZEN
1101,V400414
1102,Archos
1103,X-TIGI_V33
1104,JCI
1105,MY801
1106,AX1010
1107,Twist
1108,FS456
1109,SP56
1110,Wileyfox
1111,NX907J
1112,Dream_One_8
1113,G31
1114,BP
1115,AS-6431
1116,PMT3331_3G
1117,Haier_i50
1118,VOX_VERO
1119,Karbonn
1120,SGH-M919V
1121,GT-I9515L
1122,Panasonic
1123,Primo
1124,PSP3471DUO
1125,G25524K
1126,Plane_7535E_3G_PS7147MG
1127,Karbonn
1128,LINX
1129,LGUS550
1130,B936
1131,Ixion
1132,EM756
1133,ADMIRE
1134,Flare_P3
1135,N70SHBSC
1136,POLYTRON_4G503
1137,Spice
1138,Nomi_i4510
1139,FLOW
1140,K10000
1141,CASPER_VIA_M1
1142,N1002G
1143,TP601C
1144,Flare
1145,mobiistar
1146,INTEX
1147,AX921
1148,NC911
1149,SurfTab
1150,era3x
1151,AM515
1152,Jazz
1153,K9
1154,VOX
1155,Aura
1156,Flare_J2_2018
1157,NeuTab
1158,Bmobile_AX810
1159,PMT3147_3G
1160,MyPhone
1161,Cobalt_SM_6
1162,Odyssey
1163,PSPCK21NA
1164,Impress_Bear
1165,TECNO
1166,Infinix
1167,Curvy
1168,Impress_Pear
1169,roar_V150
1170,LG-H443
1171,TM-5005
1172,GM
1173,S11
1174,SOLAR
1175,Cloud_Scan_FP
1176,Marvel
1177,i55D
1178,FS405
1179,ZTE
1180,VB-10
1181,Netrunner
1182,Cloud
1183,SC-01H
1184,K12
1185,Positivo
1186,Spice
1187,Grand
1188,IF9003
1189,BIGCOOL
1190,Jinga
1191,Primo_NH_Lite
1192,PGN522
1193,VIVO
1194,X5S
1195,F-04G
1196,AM520
1197,benefit_m7
1198,Micromax
1199,Astra
1200,CUBOT
1201,AURA_EDGE
1202,ADMIRE_SENSE+
1203,Flare
1204,Impress_Wolf
1205,Griffe
1206,FS517
1207,SKY
1208,A6_Duo
1209,itel
1210,S4506
1211,Primo
1212,TECNO
1213,Ixion
1214,PGN-507
1215,ANDROMAX
1216,PHQ526
1217,Xylo
1218,Summer
1219,MyPhone
1220,InFocus
1221,PMT3427_3G
1222,PMT3401_3G
1223,TZ855
1224,Point
1225,itel
1226,TECNO
1227,TECNO
1228,MID-1088
1229,TRIO
1230,TFX712G
1231,GM8
1232,Spin2
1233,BQru-5057
1234,FS512
1235,A5_Ready
1236,SELFIX_Q6_STALLION
1237,Benefit_M503
1238,chronos_ace
1239,Centric
1240,TECNO
1241,VFD
1242,Archos
1243,ECHO
1244,DEXP_ES1050
1245,Thunder
1246,PSP3532DUO
1247,dtacPhoneT2
1248,ONE
1249,Lenovo
1250,MID4X10
1251,SENSEIT_A150
1252,iris
1253,SHV-E300K
1254,SMART
1255,Neffos
1256,MITO
1257,General
1258,SMART
1259,SMART
1260,SAMSUNG
1261,dtac
1262,iris565
1263,Ixion
1264,LAVA
1265,1206
1266,TRUE
1267,LUXURY
1268,SHV-E250K
1269,ivvi
1270,Infinix
1271,Perfect
1272,LINK55
1273,i-mobile
1274,AD-572
1275,dtacPhoneS3
1276,Air55
1277,GEN
1278,T95ZPLUS
1279,Pure1
1280,NS-P10A7100
1281,AS-5431
1282,U972
1283,AD-554
1284,MC93
1285,itel
1286,SP413
1287,PSP3552DUO
1288,Cosmos
1289,Plane_1551S_4G_PS1164ML
1290,hltechn
1291,Odyssey_J9
1292,DIAMANTE_5
1293,GO
1294,Venus_V3_5040
1295,QMobile
1296,Andromax
1297,PSP3511DUO
1298,BERRY
1299,Lenovo
1300,Passion
1301,MITO
1302,Revolution
1303,iCherry_C223
1304,Tele2_Midi_1.1
1305,itel
1306,BP
1307,TRIP
1308,SM-J9[8]
1309,Digicom
1310,Bitel
1311,PSP5518DUO
1312,Wileyfox
1313,SWEET
1314,Primo
1315,NS5002
1316,HS-L671
1317,NT2018
1318,TZ55
1319,Tele2_Maxi_LTE
1320,itel
1321,RT701
1322,Symbol
1323,FS509
1324,Benefit_M502
1325,Archos
1326,ALBA
1327,Primo_GF4
1328,TurboPhone4G
1329,X20L
1330,ASUS_X00HDA
1331,F-05J
1332,iCherry
1333,Liber
1334,L9501
1335,Vulcan
1336,QTASUN1
1337,BMOBILE
1338,RHYTHM
1339,AX1070
1340,PMT3318_3GE
1341,Impress_Dune
1342,Benefit_S503_Max
1343,F-02H
1344,SMART
1345,SM-J9[8]+
1346,Acer
1347,VOLTA
1348,G-TiDE_S4
1349,Flare_5
1350,MyPhone_my81
1351,Archos
1352,Hisense
1353,LGL21G
1354,BQru-5204
1355,Chronos
1356,W3
1357,Andi
1358,TECNO-N2
1359,M4_B3
1360,P4005A
1361,PSP5502DUO
1362,WV8R-M
1363,WindsongAOB
1364,SP551
1365,FS516
1366,Spin
1367,Astra
1368,Plume
1369,Gladiator
1370,Ikka
1371,PLUM
1372,Nomi
1373,Andi
1374,Forme
1375,Wileyfox
1376,QTAIR7
1377,Benefit_M5_Plus
1378,Ilium
1379,it1512
1380,EK4e
1381,itel
1382,BQ-5012L
1383,NASA
1384,REX
1385,BL12000
1386,Elite_5_0T
1387,ZP952_Flash_X_Plus
1388,Flare
1389,TMOVI_YEAH_BEAT
1390,Android
1391,Primo
1392,VFD320
1393,Impress
1394,ERGO
1395,PSP3512DUO
1396,BQS-5050
1397,MITO
1398,R10
1399,iBall
1400,Primo_EF5+
1401,Era
1402,TechPad_3Gx
1403,PGN513
1404,CUBOT
1405,FS524
1406,4Good
1407,Impress_Groove
1408,HM2014821
1409,MyPhone
1410,Admire
1411,iCherry
1412,BP138
1413,GT-I9507
1414,Pearl
1415,DIGICEL
1416,iBall
1417,W80
1418,H51i
1419,T701P
1420,Impress_Lion_4G
1421,FS457
1422,Allure
1423,Nexcom
1424,5065N
1425,Benefit_Note_1
1426,Andromax
1427,unknown
1428,Ixion
1429,LIFETAB_P831X.2
1430,PSP3530DUO
1431,Impress
1432,SHV-E330K
1433,Flare_A2_Lite
1434,ocn
1435,S4001W
1436,SH-04G
1437,FS507
1438,Cloud
1439,FlareA1
1440,GIONEE
1441,BQru-4500
1442,PSP3527DUO
1443,Magnum
1444,SL512
1445,BQ-4585
1446,B5070
1447,Primo
1448,SENSEIT
1449,TECNO
1450,Karbonn
1451,TECNO
1452,itel
1453,BQru-5059
1454,Primo
1455,W333
1456,GO404
1457,SIRIUS
1458,Avvio_A400
1459,Primo
1460,FLY1
1461,S430
1462,ZTE
1463,COSMO
1464,MyPhone_MY28S
1465,itel
1466,Evan
1467,Jax_S
1468,Spice
1469,Titanium_3D-Plex
1470,H58
1471,POLYTRON
1472,ASUS_X00LD
1473,ALP-L09
1474,QMobile
1475,V135
1476,GS370_Plus
1477,PMT3201_4G
1478,TECNO
1479,N504
1480,VEGA-1
1481,LINX
1482,AP-753G
1483,M1
1484,MITO_A19_2GB
1485,A6
1486,S02_DA213
1487,InFocus
1488,SPH-L720
1489,E82
1490,SMARTVALUE
1491,MX50
1492,PICOpad_7H_7_3G
1493,MITO_A10
1494,ASUS_X00GD
1495,D100
1496,W600
1497,M25s
1498,Aura
1499,PSP3403DUO
1500,C2_Color_M4
1501,FS504
1502,BC4000
1503,FS402
1504,T1X_NEW
1505,Positivo
1506,Pr5746
1507,Primo
1508,HL5767
1509,U601S
1510,MITO
1511,VOTO_V4
1512,Diamond
1513,QMobile
1514,Neffos
1515,QMobile
1516,HTCD160LVWPP
1517,Vowney
1518,Plane_7547S_3G_PS7159PG
1519,RCT6973W43R
1520,Neffos
1521,itel
1522,Twist
1523,MS45S_A6
1524,Impress_Razor
1525,F20
1526,MOBO_MB525
1527,Primo
1528,OPAL
1529,PMT3777_3G
1530,Flare
1531,Neffos_C9A
1532,TGW710G
1533,B160
1534,LINX
1535,BQru-7082
1536,Swift
1537,Admire
1538,itel
1539,M23i
1540,PGN409
1541,VOX
1542,GHIA_AXIS7
1543,AX705
1544,Neo
1545,Philips
1546,LG-LK460
1547,A75A
1548,Guide
1549,RQ510
1550,Cloud
1551,RHYTHM
1552,Elegance_5_1
1553,myX2
1554,Eon54i
1555,TECNO
1556,SH-L02
1557,Meitu
1558,Plane_1550S_3G_PS1163MG
1559,F5502
1560,TECNO
1561,HM-G701-FL
1562,NEX4
1563,Hisense
1564,NB753
1565,ET1
1566,B38S
1567,S45E
1568,CG_EON_Blaze
1569,W25544L
1570,N551
1571,BMOBILE
1572,BV9500
1573,SHV41
1574,SM-G920S
1575,REBEL
1576,InFocus
1577,Q8S6IN4G
1578,T2K
1579,itel
1580,TECNO-W3LTE
1581,Infinix-X554
1582,SLIDE
1583,Ixion
1584,TITANIUM
1585,VOYAGER2_DG310
1586,Xperia
1587,Play
1588,TECNO
1589,ASIADROID_AF93
1590,SENSEIT_C155
1591,Philips_X586
1592,Ixion
1593,A239s
1594,TGW801L
1595,SCV33
1596,VIA_S17
1597,503KC
1598,DIGICELDL1plus
1599,Fantasy
1600,POLYTRON_4G501
1601,5009D_RU
1602,Primo_EF5
1603,M555i
1604,HT26
1605,HIT
1606,FS518
1607,Samsung
1608,M22i
1609,NEXT
1610,KYV36
1611,iBall
1612,AS-5434
1613,Amaze_S2_4G
1614,EVERTEK
1615,Fero
1616,LGM-X401L
1617,Infinix
1618,Aura
1619,Cloud
1620,PMT3777_3GE
1621,KLIPAD_V355B
1622,THOMSON
1623,Benefit_S453
1624,Wileyfox
1625,OTTO_CF07
1626,Acer
1627,Aqua
1628,i55K
1629,R50B
1630,NEXT
1631,iCherry
1632,Primo
1633,A3510
1634,EKS
1635,TM-MID798
1636,TECNO-L8Plus
1637,LS50F
1638,RONI
1639,PSP7512DUO
1640,i45
1641,SM-G9250
1642,dazen
1643,BV5000
1644,MY807
1645,Flare_Lite_DTV
1646,MS50L_4G
1647,Haier
1648,BS400
1649,SO-02G
1650,MTN-S810
1651,S169
1652,01516
1653,BLADE
1654,WV8-M
1655,bravis_A553
1656,S55B
1657,SP401
1658,Omega_Lite_3C
1659,LG-X170fTV
1660,REVVL
1661,Venus_R8
1662,AURA
1663,Start3G
1664,VR6031
1665,MG500
1666,HYUNDAI-Seoul
1667,Allure_Admire
1668,ZP952_F1
1669,NOBLEX
1670,LGAS375
1671,J7
1672,HAUS
1673,Y6_Piano
1674,BV7000
1675,Impress_Fun
1676,F40G2
1677,FlareJ3
1678,MITO
1679,Orange
1680,RelNAT
1681,Smartfren
1682,Primo
1683,Starmobile
1684,FS451
1685,F-02F
1686,EVERCOSS
1687,IM-A870S
1688,Primo
1689,ALIEN
1690,SCH-S968C
1691,Avvio
1692,verykoolS5004
1693,freedom
1694,SO-04F
1695,bravis_A506
1696,OYSTERS
1697,Soneview
1698,FS501
1699,W1
1700,AX675
1701,JoyPRO
1702,PMT3021_3G
1703,AT1C*
1704,MITO
1705,TECNO-H3
1706,Wings
1707,KAZAM
1708,Majesty
1709,Symphony
1710,Tabs
1711,801B
1712,NB754
1713,Orange
1714,VesRapstaMOD69
1715,Andromax-c
1716,PH604
1717,TZ717
1718,M7450
1719,BLAZE_X500
1720,Linx
1721,SOHO
1722,SM-G900R4
1723,HY1-5085
1724,AX1074
1725,DL721-RB
1726,STARXTREM5
1727,Centric
1728,SH-05F
1729,Impress
1730,W7450
1731,PSP3509DUO
1732,PCB
1733,Impress_City
1734,M706A-H11T
1735,QTab
1736,N552
1737,Symphony
1738,eZeeTab10Q20-XL
1739,9024O
1740,Fero
1741,ONIX
1742,INOI_3_LITE
1743,SP05
1744,B9503
1745,Flare_J3_Plus
1746,Ixion
1747,Tiger
1748,SECRET_XR
1749,F-03F
1750,CRUSH_X565
1751,QMobile
1752,MFLogin3T
1753,Z205
1754,SM-A600N
1755,GIONEE
1756,ADVAN
1757,Delight
1758,Insignia_Delta3
1759,Clever
1760,ET7183GQ-B15
1761,P750i
1762,POLYTRON_L501
1763,20161220
1764,HT3
1765,BQru-4583
1766,Aspire2_Lite
1767,R2two
1768,Four_S61
1769,Life
1770,Hisense
1771,iBall
1772,G155
1773,Chromebook
1774,Nomi_i503
1775,AT1D*
1776,MyPhone
1777,V5020
1778,MIDS145PXE
1779,Impress_New
1780,GT-I9128V
1781,Panasonic
1782,M-MPI10A3G
1783,Venus_V3_5580
1784,POPII
1785,JT
1786,X444
1787,SP510
1788,moto
1789,RCT6873W42BMF8
1790,Z600
1791,Best
1792,Andi5
1793,V47
1794,Archos
1795,PMT3118_3G
1796,Hisense
1797,HL6246
1798,SBM302SH
1799,T72HMs_3G
1800,TOUCH87
1801,10DTB44
1802,TX73
1803,Kronos
1804,AM527
1805,BQS-4503
1806,DP7CPro-SGA1
1807,Symphony
1808,Luck
1809,W5
1810,Infinity_e3
1811,SH-03G
1812,F-06E
1813,S8805
1814,R829
1815,mobiistar
1816,itel
1817,HUAWEI
1818,MY803
1819,Platinum_M5
1820,AX960
1821,SPC
1822,INTEX
1823,PXP201
1824,RCT6B03W13
1825,TM-MID794C
1826,Vestel_5000
1827,2014812
1828,IQ4418
1829,VUE
1830,Thrill
1831,M7415
1832,Selfie_Two
1833,A66B
1834,Tele2_Midi_2_0
1835,F30
1836,Ixion
1837,RX88
1838,BV9500-RU
1839,DT0702W08
1840,DP7CPRO
1841,LT
1842,FS522
1843,ADMIRE_DUO
1844,Flare
1845,TECNO
1846,Oplus_M
1847,Optima
1848,N940Sc
1849,TURKCELL
1850,EVERCOSS_A53B
1851,EP171AC
1852,U509
1853,SF1
1854,WOXTER
1855,Nomi_i5001
1856,iCherry
1857,MF353ZP/A
1858,O+
1859,IQ4514
1860,Linx
1861,HT0703W08
1862,BenWee
1863,DT0704K08
1864,X12
1865,A75W
1866,SpeCP_D
1867,MID-787
1868,XT1049
1869,S13
1870,Impress_Tor
1871,TREO_TAB8G
1872,BMM543D
1873,M99
1874,C117
1875,pac_A6020
1876,PSP3503DUO
1877,NEXT7P12-G
1878,GHIA_AXIS7_3G
1879,AT1D
1880,i401
1881,EVERCOSS
1882,Symphony
1883,ERGO
1884,PAM524
1885,i421
1886,Nomi_C070030
1887,OPPO
1888,HG-9041
1889,Wileyfox
1890,Vestel_5000_2gb
1891,CM
1892,ZTE
1893,Evo
1894,PSR05pro
1895,LGL41C
1896,LS-4003
1897,Flare_J3
1898,KAZAM
1899,Roar
1900,C219
1901,Flare_S7_Prime
1902,CAMELEON_C6_PLUS
1903,BQS-5060
1904,AP-725G
1905,Alco_S9
1906,Impress_Lotus
1907,EverStar
1908,Konnect_Trio
1909,E3
1910,EverGlory
1911,AquaSense5.0
1912,SM-J7008
1913,BDF
1914,V356
1915,K13
1916,TECNO
1917,GO
1918,UDI9014
1919,TECNO
1920,Archos
1921,AM410
1922,SM-P605K
1923,HUAWEI
1924,TP7A4N
1925,SH-01G
1926,A397i
1927,GOCHI
1928,GTAB718
1929,A28B
1930,BQ-5700L
1931,K2
1932,CT744
1933,CX9006
1934,HUAWEI
1935,C2104
1936,Aqua_3G_Neo
1937,Primo_E7
1938,TECNO-Y4
1939,Vodafone
1940,SH-04H
1941,VENGE(AX5)
1942,4G
1943,Flare
1944,H120
1945,Galaxy
1946,Tab_3G_7-1
1947,TY0712
1948,HTC
1949,Quantum
1950,A1_PRO
1951,itel
1952,Bit
1953,itel
1954,EG98
1955,POLYTRON
1956,QMobile
1957,vivo
1958,PC888
1959,A66A
1960,S520
1961,Mobicel_R1
1962,V70
1963,itel
1964,Aqua
1965,QS5509A
1966,Dslide714_v2
1967,AX1015
1968,G-TiDE
1969,SM-J900FN
1970,BQru-7083
1971,SM-J320ZN
1972,PMID7102DC
1973,U70A
1974,PSP3406DUO
1975,BQru_BQru-5058
1976,IQ4505
1977,SHV-E370K
1978,itel
1979,Lenovo
1980,HTC
1981,Dash
1982,U452TL
1983,BQ-5508L
1984,Admire_Curve
1985,Impress_Life
1986,A74B
1987,MITO
1988,SHV-E500L
1989,Hitech
1990,Mafe_M810
1991,Q25
1992,Plane_7006_4G_PS7041PL
1993,PMT3327_3G
1994,Andi4.5K6+
1995,myA16
1996,IMPRESS
1997,TCV-101G
1998,Symphony
1999,LG-F400L
2000,Amosta
2001,Gatt-2H2
2002,InFocus
2003,M82i
2004,omega_lite_4
2005,Symphony
2006,J10
2007,SCH-I739
2008,QTab
2009,S420
2010,AT1A*
2011,Primo_EF3
2012,Quadra
2013,AX750
2014,BV9600Pro
2015,S2052GB
2016,AX830
2017,POLYTRON_P552
2018,iQS71
2019,HOT_9X_LTE
2020,MAXTRON
2021,AT7H
2022,E1C
2023,SM-N916S
2024,P709M
2025,BV5800
2026,vivo
2027,HUAWEI
2028,Blackphone
2029,HS-U971
2030,Thrill
2031,Blaze504
2032,QMobile
2033,A26B
2034,MyPhone
2035,SENSEIT
2036,Cloud
2037,Avvio_489
2038,M706
2039,Q-TITANO
2040,MEGA
2041,Alba10Nou
2042,PICOpad
2043,BRAVIS_TREND
2044,A4PowerPlus
2045,TPC-XTE7DW
2046,5159A
2047,T8s
2048,VOX
2049,Noir
2050,Aqua_Ring
2051,XTouch
2052,V4005
2053,Ixion
2054,A28M
2055,Leapad
2056,V98
2057,SC-03E
2058,VIA_F1
2059,175HS1050231
2060,Orange
2061,Avvio_776
2062,A500
2063,TZ50
2064,G-TiDE_E560
2065,IM-A870K
2066,SENSEIT
2067,SAMSUNG-SGH-I317
2068,PRO5023POE01
2069,SGH-T989D
2070,itel
2071,IQ4414
2072,Tizen
2073,C368
2074,ADVAN
2075,PMT3708_3G
2076,N169
2077,S4J
2078,SENSEIT
2079,PHANTOM
2080,NEXT
2081,RIVO
2082,lephone_W21
2083,PSP7511DUO
2084,Plane_1525_3G_PS1137MG
2085,ZTE
2086,PMT3151_3G
2087,Aqua_Amoled
2088,IPRO
2089,O+
2090,Primo_F4
2091,GT-S7390G
2092,SM-A750N
2093,MyPhone
2094,Cosmos
2095,Spin
2096,AX1073
2097,Onida
2098,VOX
2099,Impress_Lightning
2100,AW790
2101,Azumi_KIREI_A45_D
2102,InFocus
2103,Ixion
2104,QMobile
2105,Impress_Game
2106,QMobile
2107,vivo
2108,Q2
2109,MID
2110,ADVAN
2111,AT1C
2112,Coolpad
2113,Smarty_II
2114,PMT3797_3G
2115,GET
2116,Haier_A40
2117,SH-04F
2118,Ursus
2119,IMO
2120,F506
2121,PSP3528DUO
2122,verykools5528Jr
2123,Kiona
2124,Lenovo
2125,M733W
2126,D7
2127,DMTAB-IN08A
2128,L-06D
2129,Le
2130,Ilium
2131,itel
2132,Smart
2133,Fusion
2134,L52F
2135,INTENSE
2136,SAMSUNG-SGH-I337Z
2137,Plane
2138,Hisense
2139,QMobile
2140,Fly_IQ442
2141,GN5001S
2142,Nomi_C070010
2143,SP402
2144,OMEGA
2145,GloryG1000
2146,T1X
2147,PSP5453DUO
2148,LINX
2149,MY806
2150,M500-1
2151,V503418
2152,ECHO
2153,PSP3468DUO
2154,Symphony
2155,myA15
2156,Z250
2157,DATSUN_D5500
2158,PMT3718_3G
2159,ASUS_X015D
2160,TM-4082R/X-driver
2161,Tecno
2162,Nomi_i4500
2163,W3430
2164,Treelogic
2165,Aqua
2166,Venture
2167,SHV-E230K
2168,pixus
2169,Flare_X_V2
2170,T1J+
2171,BQru-5201
2172,Acer
2173,PSP5520DUO
2174,OKWU
2175,X-TIGI_V1
2176,TECNO
2177,CX100
2178,CINEMAX_INFINITY
2179,Elf_S8
2180,Lens
2181,super
2182,T12V
2183,Navtech
2184,A35K
2185,Impress_Forest
2186,S6S4IN3G
2187,Itell
2188,MO-01J
2189,SSB504R
2190,U503
2191,SGH-N075T
2192,E6603
2193,FUN
2194,i55C
2195,CUBOT_NOVA
2196,PMT3087_3G
2197,ASUS
2198,Flare_Lite_2
2199,ZTE
2200,PMT1177_4G
2201,V96
2202,itel
2203,IRS005-16
2204,CX940
2205,Hisense
2206,AT7E
2207,Philips
2208,D5788
2209,ES750
2210,Impress_Fire
2211,Hisense
2212,Wallet
2213,IRON
2214,EverStar
2215,mobiistar
2216,I505
2217,GM
2218,BL250
2219,Prime
2220,FS554
2221,GT-T140
2222,DP8D
2223,TECNO
2224,TECNO
2225,Lenovo
2226,5033O
2227,mq1025
2228,Q8H
2229,Mi531
2230,GOME
2231,Ixion
2232,Coolpad
2233,HS-L671
2234,TFX714L
2235,SGH-I317M
2236,AU602
2237,VOX
2238,SM-G130BT
2239,aeon6750_65_n
2240,LETAB722
2241,Ursus
2242,iball
2243,Hashtag
2244,Q77
2245,BV4000Pro-RU
2246,HS-U929
2247,Maxtron
2248,5052D_RU
2249,MN4A2ZP/A
2250,HS-L695
2251,V9820
2252,i5030
2253,S07
2254,Haier
2255,S5LS
2256,G253
2257,SELFIX_ES732_EXPERIUS
2258,Aura
2259,PSP3
2260,S440
2261,GEN6010
2262,MX_Base
2263,SHV-E250L
2264,Avvio
2265,FRIO
2266,304SH
2267,SGH-M819N
2268,Primo
2269,Redmi
2270,HUAWEI
2271,Titanium
2272,HIMAX
2273,Masstel
2274,TX15
2275,CM10
2276,M713
2277,RCT6S03W12
2278,Wiz
2279,PMT1177_3G
2280,TECNO
2281,Griffe
2282,M-PPxG410
2283,SUPRA
2284,T20
2285,Z42_NOVA
2286,Micromax
2287,WinDroid7GGGD
2288,ADVAN
2289,QMobile
2290,MIUI_OS
2291,ST26i
2292,BP268
2293,SOL23
2294,QMV7A
2295,S18
2296,KFARWI
2297,ONYX
2298,S45A
2299,Benefit_S402
2300,Air_A9_Mini
2301,E1C
2302,Smart_Light
2303,i8+
2304,PSP5551DUO
2305,Konnect402
2306,TZ165
2307,MO-01K
2308,M579
2309,AX1073+
2310,Oysters
2311,K10000
2312,M-PPxS7P
2313,HYUNDAI_Seoul
2314,PMP7079D3G_QUAD
2315,BL5000
2316,U107
2317,Sun
2318,TZ781
2319,TECNO
2320,Luxury
2321,P360X
2322,KAZAM
2323,Karbonn
2324,W1452
2325,RCT6603W87M7
2326,DW-UBT7DC*
2327,A54B
2328,5058I_RU
2329,HT37
2330,TZ862
2331,FTE161E
2332,716s
2333,Mistico
2334,Andi4H_Tiger+
2335,DM-01H
2336,BV9000Pro-F
2337,Z15
2338,Primo_D7
2339,Viaan
2340,C10
2341,M655
2342,L-EMENT501
2343,4009I
2344,YUHO_O1_LITE
2345,TZ176
2346,Andi5M
2347,JSP
2348,Pryme
2349,MS50X
2350,ILIUM
2351,myT3
2352,SSB-508E
2353,ASUS
2354,M760
2355,ETAB_M7023G_VP2
2356,itel
2357,TRENDY
2358,EG680
2359,A3-A10
2360,MyPhone
2361,Mint
2362,NETWORK
2363,BLOCK
2364,Pacific4G
2365,TZ737
2366,SM-T805
2367,POLYTRON
2368,SOL22
2369,FLARE
2370,SHV-E170K
2371,V504630
2372,KJ_OB03
2373,LS-4002
2374,T1R
2375,T54
2376,s4800
2377,INOI_3_POWER
2378,SHV-E160K
2379,a4
2380,verykools5205
2381,Cell_C_Fame
2382,myX9
2383,Primo
2384,M1092Rv4
2385,T1S
2386,QTAXIA1
2387,Easy_XL
2388,QTAQZ3KID
2389,sweet45
2390,itel
2391,Impress_Zeon3G
2392,X_TIGI_JOY7_TV
2393,Z41Aire
2394,AL00
2395,X425
2396,Elite
2397,AG6
2398,itel
2399,Q4T8IN
2400,myA9
2401,F5003
2402,X_TIGI_Photo
2403,Thrill
2404,Foto3
2405,MD210
2406,MITO
2407,Andi5K
2408,C15100m
2409,TGW102L
2410,One_Mundial
2411,LGL61AL
2412,POLYTRON_4G502
2413,Cloud_Cube
2414,Panasonic
2415,Thrill
2416,Zera
2417,AVANCE
2418,Ixion
2419,G12
2420,EKO
2421,PLAY4
2422,AP-755G
2423,PS1043MG
2424,TECNO
2425,BNTV460
2426,B145
2427,A74F
2428,verykools5034
2429,X120C
2430,C131
2431,Kogan
2432,A26C
2433,NTDM-3000
2434,POLYTRON
2435,WIAM_33
2436,M6
2437,V570_BIG_BEN
2438,AP-705
2439,BQS-4570
2440,M-PPxG5M
2441,Q7S5IN4G
2442,Tele2_Maxi_Plus
2443,DEXP
2444,C101010
2445,Simplepad
2446,Safari
2447,TECNO
2448,MyPhone
2449,Speed
2450,AT7H
2451,Nomi_C101040
2452,Easy_S_Pro
2453,MITO
2454,SM-J800FN
2455,S35G
2456,TECNO
2457,TZ716
2458,Ursus
2459,Flare_S3_Power
2460,Tablet_DL_2810
2461,MyPhone
2462,TZ969
2463,Flare_P3_lite
2464,Symphony
2465,IM-A890K
2466,Ixion
2467,T1001XS
2468,i441
2469,FS505
2470,Madrid
2471,ZTE
2472,PMT3161_3G
2473,Ixion
2474,Oppo
2475,myA12
2476,Turk
2477,ODYSSEY_ACE
2478,meizu
2479,Q3
2480,Tablet_DL_3724
2481,itel
2482,PMT7287_3G
2483,PLATINUM
2484,MS40G
2485,TECNO_N9
2486,Tablet_DL_2820
2487,PBDV704DVD
2488,Royal
2489,Azumi
2490,Primo-GH2
2491,SC-01F
2492,C253
2493,NS5004
2494,Breeze
2495,Retro
2496,X_TIGI_V16
2497,7BY
2498,UP_Xtreme
2499,N8502
2500,F-07E
2501,Caviar
2502,ECHO_HORIZON_LITE
2503,SK402
2504,M23s
2505,MT3A
2506,W50
2507,vivo
2508,PYRE_EVO
2509,ZP951_HERO1
2510,Alfa
2511,M5
2512,Philips
2513,Ilium
2514,AirTab
2515,Orange
2516,Digicom
2517,Aston_A2
2518,X-TIGI_V15
2519,SHV-E110S
2520,SM-G906L
2521,IRBIS
2522,elink8735b_6tb_m
2523,Cosmos
2524,BQS_5505
2525,iQR300
2526,VerykoolS5017Q
2527,PMT3101_4G
2528,ZATEC_GRAVITY
2529,IQ4415
2530,MyPhone
2531,moto
2532,S170i
2533,Impress_Aero
2534,IQ445
2535,Orange
2536,SUPRA
2537,AMBER_KIDS
2538,Flare_J6_mini
2539,InFocus
2540,507SH
2541,Vmobile
2542,GHONGV12
2543,itel
2544,PAD1042
2545,GT-S7580L
2546,Z851
2547,Lucky
2548,MyPhone_myT1_DTV
2549,B245
2550,Desire_R6_Lite
2551,Ule6
2552,EVERCOSS_A74D
2553,N-06E
2554,itel
2555,Flare_HD_4
2556,TZ857
2557,CRUISE1
2558,General
2559,TECNO-N9
2560,N986
2561,Primo
2562,M-SP7MXA
2563,PSP3517DUO
2564,Lava_T70
2565,TZ726
2566,PMT3418_4GE
2567,Ixion
2568,PQRA317
2569,AURII_INSPIRE
2570,CICLO
2571,ODYSSEY
2572,VSUN
2573,ASUS_T00J-D
2574,5701
2575,GT-I9507V
2576,AT7S
2577,MS50G
2578,X1031X
2579,QMobile
2580,Mafe_M820
2581,G11
2582,Griffe
2583,Plane
2584,U55
2585,PSR05
2586,my29S
2587,Amaze_S430_Plus
2588,WOLDER_34
2589,TOP3
2590,Infinity_e2
2591,itel-it1410
2592,T01
2593,Primo
2594,Flare_J2_Max
2595,itel
2596,TECNO
2597,QL580K
2598,GHIA_AXIS7P
2599,FERO
2600,ZVI
2601,TERRA
2602,Primo_E7_Plus
2603,L52X
2604,REGAL
2605,SP517
2606,Xtreme_3
2607,OZZY
2608,Top_S7
2609,SAMSUNG-SM-J321AZ
2610,FS455
2611,Xlife-431Q
2612,Optim4G
2613,Z45
2614,Z41Lite+
2615,Ixion
2616,Mi-347
2617,myphone-2019
2618,Plane
2619,LG-VS450PP
2620,TZ725
2621,MM-MID8813
2622,NEOQC3G
2623,HTC_0P6B6
2624,Andi
2625,GOTUNE_5S
2626,CM488
2627,LGL25
2628,H526G
2629,Heatwave
2630,Zera
2631,ADVAN
2632,Archos
2633,Primo
2634,SHV-E270K
2635,QMobile
2636,Impress_Frost
2637,Micromax
2638,INTEX
2639,JOY10_LTE
2640,R2401
2641,TB718
2642,Nougat
2643,V45
2644,Vandroid
2645,ALIEN
2646,GT-N7102
2647,Andi4.5V
2648,MyPhone_MY28
2649,TeslaEvo5.0
2650,T5C
2651,T707
2652,KYV33
2653,Le
2654,ASIADROID
2655,Impress_Stone
2656,1825
2657,LG-F180
2658,GL355
2659,visionbook
2660,Y88X_PLUS
2661,AURII_F8_Premium
2662,RugGear
2663,G250
2664,itel
2665,SAMSUNG-SM-G730A
2666,H8402
2667,EVERCOSS
2668,Impress_Star
2669,16M4HI105024
2670,TCL
2671,N606
2672,GO778
2673,ImSmart
2674,Archos
2675,Neffos
2676,Kingcomm
2677,Doro
2678,1105
2679,BQru-5054
2680,MIDAS
2681,M706AA
2682,VOX
2683,X-TIGI_S1550
2684,Eco
2685,iCherry_C258
2686,LT360
2687,T84Ni_3G
2688,Azumi
2689,SMD-4026B
2690,R9
2691,SJ1-5
2692,SHV-E275K
2693,HP
2694,KENEKSI_liberty
2695,K4000_Lite
2696,Flare_A2
2697,XZ4
2698,KC-01
2699,V182
2700,KING
2701,EVERCOSS
2702,Horizon
2703,QMobile
2704,1501-M02
2705,POLYTRON
2706,E733
2707,PMT3131_3G
2708,GT-I9192I
2709,Lead
2710,SHV31
2711,i5014
2712,RX48
2713,TM-MID793
2714,Lead4
2715,WS113
2716,KT107
2717,NextSE
2718,F-05F
2719,Gright-G77
2720,402LG
2721,i5D
2722,HIMAX
2723,2115c
2724,CMB510
2725,Z-ONE
2726,P-111
2727,4049D
2728,Walpad_G2
2729,Optima
2730,TaintArt
2731,SL558
2732,RCT6973MDN
2733,Ilium
2734,ONA19TB002
2735,ONA19TB003
2736,Neffos
2737,Tecno
2738,A150
2739,Plane
2740,itel
2741,MSP95012
2742,EVERCOSS_A54
2743,mt6753
2744,PBSKD12
2745,Winnovo_M798
2746,A9920
2747,EDA50
2748,Nomi
2749,M100qw
2750,IM11
2751,IMO
2752,Symphony
2753,QMobile
2754,Micromax
2755,IQ456
2756,ADVANCE
2757,vivo
2758,UniverseTap
2759,SC-05D
2760,itel
2761,Forward
2762,Mi-516
2763,Dslide716
2764,UItra
2765,Maxvi_MS401
2766,LSH-V7
2767,TR72_TV
2768,DX758Pro
2769,Ixion
2770,MyPhone
2771,HT0704K08
2772,i813
2773,QMobile
2774,QMobile
2775,Halo_4_mini_LTE
2776,LINX
2777,SUPRA
2778,K7413
2779,JAK
2780,Picasso
2781,Ocean9L
2782,EverTrendy+3G
2783,BMM443D
2784,Impress_Flash
2785,WIAM
2786,B3Pro
2787,SH-02H
2788,V155
2789,Plane_8548S_3G_PS8161PG
2790,Q4S45IN4G
2791,XN-G700
2792,Cynus
2793,A8_SMART
2794,Peace
2795,Ixion
2796,GT-I9205
2797,INOI_5i_Lite
2798,FS403
2799,ARK_Benefit_S451
2800,POWER
2801,Haier_T53P
2802,A9_Lite
2803,PSP3458DUO
2804,Polaroid
2805,MyPhone
2806,Flex-3
2807,Admire
2808,Bonvi
2809,TECNO
2810,DANDY
2811,Bmobile_AX680
2812,DX7
2813,Energy
2814,RCT6873W42BMF8KC
2815,Infinity_i4
2816,SP571
2817,H7Z5G
2818,itel
2819,F168
2820,NB106
2821,RC555L
2822,Princess
2823,ACTOMA
2824,B5032
2825,CUBIX
2826,Cloud
2827,J05
2828,Cloudfone_Excite_504d
2829,FS452
2830,MyPhone
2831,SM-G5108Q
2832,Mi540
2833,onetouch
2834,X-TIGI_V11
2835,P7072G
2836,CKT_TOUCH01A
2837,Primo
2838,Pussy-Pap
2839,JOY8_LTE
2840,MID-703G
2841,Impression
2842,Tablet_DL_3723
2843,PHICOMM
2844,BP99
2845,MITO_A37_Z1plus
2846,X_TIGI_V19
2847,Slimline
2848,myX5
2849,LGV32
2850,Koolmex
2851,SSB504A
2852,Enia
2853,Eclipse
2854,itel
2855,LT4001
2856,X-TIGI_V13
2857,K3DX-V5G
2858,Sponge
2859,ADVAN
2860,A26062K
2861,S453
2862,DROIDZ
2863,QMobile_Q_Infinity_Cinema
2864,E505plus
2865,Flare
2866,LM-X410K
2867,BQS-5520
2868,itel
2869,Amazon
2870,Intex_Aqua_Desire_HD
2871,TZ85
2872,Archos
2873,SENSEIT
2874,M-IPRO800B
2875,GIONEE
2876,InnJoo
2877,Vox
2878,TFX713L
2879,TURKCELL
2880,R40G*
2881,R833
2882,TM105
2883,4G+
2884,OPSSON
2885,V-GeN_Birdie_A2
2886,Smart
2887,F571
2888,TFX711G
2889,MB97
2890,ADMIRE_INFINITY
2891,Kin7
2892,GO506
2893,303qHD
2894,J12s
2895,Nomi
2896,Oysters
2897,CG_EON_Blaze_Pro
2898,Elite
2899,LGUS375
2900,Genius_tab_G6
2901,VERGATARIO5PLUS
2902,Dunns_Mobile
2903,Archos
2904,AURII_XCITE
2905,B506_Intro
2906,KIDS_GENIUS
2907,Discovery
2908,NXA7QC132
2909,B8410
2910,Alcatel
2911,Elite_Grace
2912,M-MP745GOx
2913,A555
2914,GT8L
2915,P30
2916,vivo
2917,Z777
2918,MID786
2919,A831L-D
2920,Karbonn
2921,Oplus_Compact_Pro
2922,IMO
2923,InFocus
2924,Archos
2925,SCH-S735C
2926,LIFE
2927,PGN606
2928,ASIADROID-AF11
2929,Q
2930,BV6000S_RU
2931,Bmobile_AX605
2932,H3
2933,AF9899
2934,TitanP6000
2935,Curvy
2936,PS2
2937,X-TIGI_JOY10
2938,EVERCOSS-A75L
2939,N360slim
2940,TWD_MID
2941,FAST7_4G
2942,Coolpad
2943,NP-751D
2944,i5012
2945,STK
2946,AVANCE
2947,m10
2948,M1092RV5
2949,Easy
2950,M706A-Z01T
2951,LT950
2952,Flare_S7
2953,Micromax
2954,K1001_SP
2955,BR-28
2956,Pr7144
2957,Neffos_C7
2958,i_Pro
2959,GCE
2960,A509_Jeans
2961,Aura
2962,Flare
2963,Andi
2964,AF9977
2965,SP514
2966,CTAB0714
2967,Orange
2968,P35
2969,STELLAR
2970,Primo
2971,Primo
2972,MID225
2973,NB961
2974,Impress_Blade
2975,MX103
2976,L506
2977,Ixion
2978,PTM5
2979,IQ4507
2980,ALBA
2981,C252
2982,iTAB705_HW1
2983,PSP3531DUO
2984,AX825
2985,Platino
2986,Penta_WS704DX
2987,SYMTAB25
2988,NUU_A3L
2989,E500A_2019
2990,TM-5508
2991,Platinum_A5
2992,ST388
2993,v3800
2994,V540_Level
2995,X1
2996,BV7000
2997,Dslide1016
2998,Infinity_k2
2999,Hynex
3000,PSPCM20A0
3001,F-06F
3002,IGGY
3003,AVVIO
3004,FEELING
3005,ADVAN
3006,M558
3007,Ixion
3008,DUAL
3009,NBA
3010,itel
3011,WALKMAN
3012,Royal
3013,ONIDA_i4G1
3014,Texet
3015,QT-7
3016,Admire
3017,TZ772
3018,Strawberry
3019,La_Tab_74
3020,SBM206SH
3021,ZA987
3022,Masstel_Juno_Q5Plus
3023,O+
3024,Panasonic
3025,INOI_5i
3026,My_Star_X
3027,Dtac
3028,VSUN
3029,FS406
3030,GT-I9508
3031,Y10i
3032,ALIEN
3033,EK4
3034,EMBONDEIRO
3035,ilium
3036,S32
3037,V.45
3038,QMobile
3039,IM-A890S
3040,WI-Star
3041,VA210
3042,PC-2
3043,SH-02F
3044,Symtab20
3045,TWIST
3046,EV_Plus
3047,QMobile
3048,Bmobile_AX620
3049,ILIUM
3050,Easy
3051,X98
3052,BGH
3053,SM-P602
3054,Curvy
3055,RAVE
3056,RIO
3057,Anica
3058,MegLogPh
3059,EverGlory
3060,kids
3061,01016
3062,Fusion5_F104Bv2
3063,Smartfren
3064,VSP355s
3065,Elite_Wow
3066,Ilium
3067,Xoom
3068,A8i
3069,AG_Go_Tab_Access_2
3070,Everfancy
3071,E1C+
3072,DNS
3073,Gigaset
3074,A9
3075,LOGICOM_LA_TAB_LINK_71
3076,X-treme_PQ24
3077,Seatel
3078,E-tel_i250
3079,Aura
3080,Golf
3081,Frozen
3082,TR10RS1
3083,IQ4490i
3084,A705S
3085,ADVAN
3086,A30
3087,Benefit_S502_Plus
3088,GOME
3089,SENSEIT
3090,VOX4
3091,Titan
3092,TZ742
3093,Start
3094,M-PPxS5P
3095,MyPhone_my81_DTV
3096,VIDEOCON
3097,OP_V9
3098,Miracle
3099,Touch_7_3G
3100,RE1
3101,POLYTRON_P520
3102,MyPhone
3103,Orange
3104,ADVAN
3105,Colombia_2018
3106,H715BL
3107,MS3A
3108,TURKCELL
3109,Cherry_Mobile_Fuze_Mini
3110,SHV-E500S
3111,O+
3112,H175
3113,ZTE
3114,ILIUM
3115,Dynamic
3116,Future
3117,G100i
3118,NB751
3119,Colors
3120,PKT411
3121,M7-3G_QC_3
3122,M3
3123,Haier
3124,U504TL
3125,C251
3126,PH5003
3127,KYV34
3128,itel
3129,PHS-601
3130,ConeXis
3131,VOYAGER2
3132,T08
3133,P35
3134,T1K
3135,OPPO
3136,ARK
3137,KYV31
3138,Q1
3139,V505920
3140,PSPT450
3141,QMobile
3142,SHARE
3143,lPHONE
3144,R23
3145,Xperia
3146,F708
3147,K802
3148,K00E
3149,P50_Touch
3150,N570
3151,T1J
3152,Huawei
3153,GM
3154,Fero
3155,Andi
3156,BL9000
3157,DM-01G
3158,MB_530
3159,A621BL
3160,G621-TL00
3161,MITO
3162,BCM23550_TEST_PHONE
3163,F-03H
3164,UMI_G
3165,GIONEE
3166,O+
3167,IM-A870L
3168,PMT3157_4G
3169,Compact
3170,FS401
3171,Karbonn
3172,Sky
3173,ODYSSEY
3174,Nomi_C101030
3175,SC-02E
3176,HUAWEI
3177,iQGW516
3178,A420S
3179,PMT3137_3G
3180,Photo
3181,Amber+
3182,HF522
3183,PSP5470DUO
3184,i8400
3185,ZpadX7
3186,SP9
3187,itel
3188,Qpad_Xstone
3189,DM-01J
3190,cm84
3191,Plane_7548S_4G_PS7160PL
3192,TECNO
3193,MAKU
3194,XQ
3195,Tecno
3196,KM1015HK
3197,F-01K
3198,GEN30
3199,Life
3200,MID1328
3201,Telemor
3202,Y777_Fire
3203,La_Tab_114
3204,AWM501
3205,F105
3206,H1
3207,Forward
3208,ONA19TB007
3209,HM2014812
3210,ELT0801
3211,SM-G530R4
3212,OJOS
3213,M706P
3214,Asiadroid
3215,PSP7551DUO
3216,IQ440
3217,T906
3218,Oplus_Ultra_3
3219,Amazing_X3s_16G
3220,Plane_7552M_3G_PS7165MG
3221,SM-J7+[9]
3222,VERTEX
3223,Impress
3224,BQS-5004
3225,X-TIGI_JOY10_PRO
3226,InFocus
3227,LG-F490L
3228,TECNO
3229,DKL01
3230,Super
3231,L551
3232,P551S
3233,R823T
3234,V550_Vision
3235,Griffe
3236,Opulent
3237,PSP3495DUO
3238,You
3239,GOME_2018X07A
3240,KAZAM
3241,G25523K
3242,BQru-5037
3243,SC-06D
3244,AX1072
3245,MITO_A780
3246,SYMTAB60
3247,X1
3248,Haier
3249,PSP3519DUO
3250,AERIAL
3251,VIDA_i512
3252,X-treme_PQ31
3253,GEN16
3254,IM-A910S
3255,Lenovo
3256,TECNO-L8
3257,itel
3258,itel
3259,TA-1000
3260,Thrill
3261,Twist
3262,SC985
3263,M706-L08A
3264,TZ831
3265,SM-S757BL
3266,LEO_DG280
3267,P5047A
3268,SCH-I200
3269,VOX_FORTIS
3270,GK738
3271,PZ4
3272,REVVL
3273,BQS-4009
3274,ODYSSEY
3275,Venus10
3276,G1101T
3277,Q151
3278,VjoySupreme
3279,itel
3280,A724G
3281,HP
3282,SECRET_mini
3283,Z5151V
3284,GT-I9158P
3285,QMobile
3286,MACHONEPLUS
3287,Plane
3288,Archos
3289,SGH-T889
3290,Eternity_G25
3291,SMART
3292,HW-01E
3293,NYX_ALTER
3294,Power
3295,Ilium
3296,IDEA
3297,EVERCOSS
3298,itel
3299,Chronos
3300,DG800
3301,NOBLEX
3302,EGO
3303,Vortech3.0
3304,X98
3305,Myria_Grand_4G
3306,SERA
3307,iQW603
3308,Ultra
3309,GT-I9158V
3310,Life
3311,TAB738
3312,moto
3313,MyPhone
3314,X4_CRISTAL
3315,Optima
3316,VIVA
3317,HP
3318,MIDM-TB733
3319,150242
3320,G7060
3321,SP9832A
3322,Like_4U
3323,Gemini
3324,WE
3325,TECNO
3326,Archos
3327,EGP008
3328,FLOW6S
3329,Pass3G
3330,GT-S7568
3331,FZ101
3332,TECNO
3333,thl
3334,MAGNO
3335,ST8200
3336,Symphony
3337,Wave
3338,G-TiDE
3339,BV9700Pro
3340,coral
3341,EverStar
3342,LP
3343,B255
3344,Primo
3345,KAZAM
3346,SLIDE_SP4523
3347,Twist
3348,Cobalt
3349,HT0703K16
3350,ZUR70016
3351,Primo
3352,OPPO
3353,ALIGATOR
3354,Atom
3355,Primo
3356,CITY55
3357,iris88_lite
3358,Z353VL
3359,Ilium
3360,miTab_Seattle
3361,Evershine
3362,Nomi
3363,TIERRA
3364,IQ4413_Quad
3365,PSP5545DUO
3366,S5006
3367,LEAGOO
3368,M733
3369,Diamond
3370,PGN607
3371,prime
3372,MFLoginPh
3373,Lenovo
3374,Neffos_X9
3375,EGQ236BD
3376,LM-X420N
3377,TECNO-WX3P
3378,QMobile
3379,V183
3380,TWZ
3381,X-TIGI_V5
3382,Wise+
3383,NEOV4
3384,X-TIGI_V18
3385,B8504
3386,GT-I8550L
3387,ETHOS
3388,I9403
3389,APEX
3390,Avvio_775
3391,arrowsM03
3392,moto
3393,FUN_18x9
3394,Tesla
3395,Haier
3396,Flare
3397,XTD3268
3398,EBK_5014G
3399,AT1G*
3400,PMT5887_3G
3401,Life
3402,5060D_EEA
3403,LT200
3404,Impress_Luck4G_NFC
3405,R255B
3406,iCherry
3407,INTENSE
3408,Qtouch_Q85
3409,SMD_4026A
3410,SUPRA
3411,GSM57
3412,ZTE
3413,NS-15AT08
3414,Neffos
3415,Life
3416,B340
3417,DROIDZ
3418,PSP7570DUO
3419,Pr6144
3420,Primo
3421,Optima
3422,TCLGalaG60(9108A)
3423,Ixion
3424,Ilium
3425,E5500LTE
3426,L590A
3427,LAFAEK
3428,P20
3429,AT7A
3430,Micromax
3431,Numy_3G_Sword
3432,Impress_Aqua
3433,A1_Neo
3434,BV2000
3435,Note2
3436,Play_1i
3437,Chacer
3438,GSR2
3439,Hynex
3440,Orange
3441,W1450
3442,ADVAN
3443,Ixion
3444,Next
3445,V9
3446,MyPhone
3447,INTENSE
3448,E1060X
3449,GEN33
3450,VISION
3451,FLARE
3452,FAST73G
3453,iCherryC99
3454,V9mini
3455,BQru-1081G
3456,Archos
3457,IQ4503
3458,Primo
3459,Digi
3460,BL5500_Lite
3461,PC8020
3462,SOLAR
3463,2014816
3464,Cloud
3465,Xtreme-V30
3466,FTJ152A
3467,VOX
3468,K105
3469,Performance
3470,LeMoov
3471,S5E_Core
3472,YUHO_Y1_ACE
3473,Top
3474,QMobile
3475,A3_Lite
3476,K107
3477,WS056
3478,M55B
3479,AX535
3480,Alcatel
3481,itel
3482,Primo
3483,Chromebook
3484,X-TIGI_Vision
3485,TB-716U
3486,P706
3487,Phonenix50S
3488,Ilium
3489,NAVTECH_TOUCHY_F2
3490,Ixion
3491,Z455
3492,ILIUM
3493,InFocus
3494,itel
3495,D5103
3496,VOX
3497,Cactus
